Task,Model,Accuracy_mean,Accuracy_std,Precision_mean,Precision_std,Recall_mean,Recall_std,F1-Score_mean,F1-Score_std,AUC_mean,AUC_std
Diabetes,LR,0.7766233766233765,0.03249349611219951,0.7330516331479104,0.06115661081342154,0.5740740740740742,0.056169447733715176,0.6427463639814891,0.05185625339365905,0.8468518518518519,0.024668446159814023
Diabetes,RF,0.7753246753246753,0.029213563322602585,0.7241394273828108,0.05305010891606082,0.5851851851851853,0.06263531305662134,0.6452040630719335,0.05001066938962841,0.8390925925925927,0.02265075997174638
Diabetes,XGBoost,0.7597402597402597,0.030457245193658656,0.6817407923718373,0.06466893737225253,0.6,0.039890109682477796,0.6369777703296181,0.04177156285077015,0.8171481481481482,0.028279081441728804
Diabetes,LightGBM,0.7519480519480519,0.027365334422994127,0.6740799859055673,0.0449429020495246,0.5666666666666667,0.053158148497804904,0.6150376248834188,0.04639139065474049,0.8127037037037038,0.01952579104095488
